is_gift_boxed,purchase_type,observations,repeat_rate,preference_led_share,gift_boxed_label
0,gift,313,0.25559105431309903,0.15335463258785942,Standard pack
0,mixed,629,0.25119236883942764,0.17965023847376788,Standard pack
0,self,1362,0.3472834067547724,0.15859030837004406,Standard pack
1,gift,386,0.23056994818652848,0.19948186528497408,Gift boxed
1,mixed,199,0.2814070351758794,0.22110552763819097,Gift boxed
1,self,311,0.3858520900321543,0.1864951768488746,Gift boxed
